ID,FirstName,LastName
1,Michał,Nowak
2,Jakub,Górski
3,Kacper,Sikorska
4,Patryk,Krupa
5,Janusz,Górski
6,Michał,Ostrowski
7,Jakub,Malinowski
8,Kacper,Włodarczyk
9,Patryk,Pawlak
10,Janusz,Laskowska
11,Michał,Czerwiński
12,Jakub,Sikorska
13,Kacper,Szczepański
14,Damian,Szulc
15,Klaudiusz,Wasilewska
16,Mikołaj,Włodarczyk
17,Natan,Chmielewski
18,Krystian,Wysocki
19,Borys,Krupa
20,Mieszko,Włodarczyk
21,Czesław,Kubiak
22,Paweł,Szewczyk
23,Oskar,Wójcik
24,Albert,Lewandowski
25,Bogumił,Jakubowski
26,Jakub,Mróz
27,Damian,Urbańska
28,Alfred,Kamiński
29,Kazimierz,Adamska
30,Jan,Czerwiński
31,Błażej,Zawadzki
32,Piotr,Zalewski
33,Daniel,Cieślak
34,Janusz,Jaworski
35,Michał,Pietrzak
36,Jakub,Kowalczyk
37,Piotr,Głowacka
38,Daniel,Chmielewski
39,Janusz,Lewandowski
40,Michał,Wasilewska
41,Jakub,Zieliński
42,Piotr,Gajewska
43,Daniel,Michalak
44,Janusz,Bąk
45,Patryk,Sadowska
46,Dominik,Górecki
47,Marek,Zawadzki
48,Dominik,Krawczyk
49,Marek,Sikora
50,Dominik,Kowalski
51,Michał,Włodarczyk
52,Jakub,Chmielewski
53,Kacper,Wysocki
54,Damian,Krupa
55,Klaudiusz,Włodarczyk
56,Mikołaj,Kubiak
57,Natan,Kowalski
58,Jakub,Sikorska
59,Kacper,Szczepański
60,Michał,Pietrzak